Issue key,Issue Link,Summary,Status,Priority,Affect Versions,Created,Commit Count,Commit SHAs,Commit GitHub URLs
HBASE-28748,https://issues.apache.org/jira/browse/HBASE-28748,Replication blocking: InvalidProtocolBufferException$InvalidWireTypeException: Protocol message tag had invalid wire type.,Resolved,Critical,['2.6.0'],22/Jul/24 09:57,2,8c2e5f32; 839a5f4c,https://github.com/apache/hbase/commit/8c2e5f32870ecd05a1d8019b8985573094f45650; https://github.com/apache/hbase/commit/839a5f4c40a292f075c95ce4619cbadf42b000c3
HBASE-28109,https://issues.apache.org/jira/browse/HBASE-28109,NPE for the region state: Failed to become active master (HMaster),Resolved,Major,['2.4.17'],23/Sep/23 20:58,5,865a5954; 736595fe; b955b89d; ec298ebc; a4811464,https://github.com/apache/hbase/commit/865a59547b3058100c834a28b29ea3e10839f8e3; https://github.com/apache/hbase/commit/736595fe99a58f8c94c67d696a6ba79c94b8d7e5; https://github.com/apache/hbase/commit/b955b89d3a2a8f3d5aed313ba461efd17d5d4680; https://github.com/apache/hbase/commit/ec298ebca579bd6e84b2bf213f0c333c157d2382; https://github.com/apache/hbase/commit/a4811464bad7a2dcbe31291af9e8be511da5741a
HBASE-28105,https://issues.apache.org/jira/browse/HBASE-28105,NPE in QuotaCache if Table is dropped from cluster,Resolved,Major,"['2.4.17', '2.5.5']",21/Sep/23 01:36,5,79fbbc3e; 897fcf8f; 5f7415e8; 04826d18; 48eddedd,https://github.com/apache/hbase/commit/79fbbc3ef44fc599eee61c6170342fc1b49bf39b; https://github.com/apache/hbase/commit/897fcf8f2c228cb41ef716b87a180c1c3968e4bd; https://github.com/apache/hbase/commit/5f7415e87b0a447640ea172ad311fdf53230b025; https://github.com/apache/hbase/commit/04826d189e095448491822d7abe4bc2452c25f7b; https://github.com/apache/hbase/commit/48eddedde909096cf65d77ae0fe18297d13ec524
HBASE-27335,https://issues.apache.org/jira/browse/HBASE-27335,HBase shell hang for a minute when quiting,Resolved,Major,"['2.5.0', '2.5.1', '2.6.0']",26/Aug/22 14:47,3,fd27d68b; 5f6998b9; 6a7a91a2,https://github.com/apache/hbase/commit/fd27d68b183658a0c06c644cd7639d1ed12eaaad; https://github.com/apache/hbase/commit/5f6998b9558dc78a655e2494f99508605996cc0a; https://github.com/apache/hbase/commit/6a7a91a256be7b51efb48cb341d9f0f9d21eb8ef
HBASE-25981,https://issues.apache.org/jira/browse/HBASE-25981,JVM crash when displaying regionserver UI,Resolved,Major,"['2.0.0', '3.0.0-alpha-1']",08/Jun/21 06:10,4,471e8159; 3267c1b8; 7436a345; b6837295,https://github.com/apache/hbase/commit/471e8159f0376d234a7089b536b7aa3c4950bb7e; https://github.com/apache/hbase/commit/3267c1b815ce3c5c55bbebe2a713eb3e932ab2ef; https://github.com/apache/hbase/commit/7436a345be7690a2c811b54e1960a7aac10dd967; https://github.com/apache/hbase/commit/b6837295f35c97ccedd2c7a7e4c6deb50acc3289
HBASE-25929,https://issues.apache.org/jira/browse/HBASE-25929,RegionServer JVM crash when compaction,Resolved,Critical,"['2.3.5', '2.4.3', '2.5.0', '3.0.0-alpha-1']",27/May/21 04:58,4,4671cb18; 62f3b1c2; 2dd7ec9d; 1267bdb1,https://github.com/apache/hbase/commit/4671cb1801c50c49312289a97a63ad9612bfdb88; https://github.com/apache/hbase/commit/62f3b1c29b2617cb5e5223c794d28b931fa241b1; https://github.com/apache/hbase/commit/2dd7ec9d9e8713185cb094be12f0430af649d7f7; https://github.com/apache/hbase/commit/1267bdb1a4d17701639702cdd111f1da719b4fb8
HBASE-25905,https://issues.apache.org/jira/browse/HBASE-25905,Shutdown of WAL stuck at waitForSafePoint,Resolved,Blocker,"['2.0.0', '3.0.0-alpha-1']",24/May/21 08:11,3,358c4dc9; f5af7611; 774484ed,https://github.com/apache/hbase/commit/358c4dc9022c507ee0159c1d4916aba41d42cde8; https://github.com/apache/hbase/commit/f5af7611c0dbbb5ea7d65ef5d916fa363aa0e82c; https://github.com/apache/hbase/commit/774484ed44f892e990fac6746d425339a3340cb5
HBASE-24813,https://issues.apache.org/jira/browse/HBASE-24813,ReplicationSource should clear buffer usage on ReplicationSourceManager upon termination,Resolved,Major,"['2.2.6', '2.3.4', '2.4.0', '2.5.0', '3.0.0-alpha-1']",03/Aug/20 19:20,5,85842634; e8850984; 687e53b7; 3242c8a3; b46ffb4b,https://github.com/apache/hbase/commit/85842634e518155db3c964bf15555291d5fbdd45; https://github.com/apache/hbase/commit/e88509841f1d4d8080ff539d5308b6bed0ac8595; https://github.com/apache/hbase/commit/687e53b7e49c1a149e55829bbeca6aa4edfe69e7; https://github.com/apache/hbase/commit/3242c8a3d1e10e80e9c3603b1199b56940bd17a5; https://github.com/apache/hbase/commit/b46ffb4b415969b4b74a31c14770ba7e83df9732
HBASE-22451,https://issues.apache.org/jira/browse/HBASE-22451,TestLoadIncrementalHFiles and TestSecureLoadIncrementalHFiles are flaky,Resolved,Major,['1.5.0'],22/May/19 00:51,3,ac6d5436; 8f60ed5a; 5beba8fd,https://github.com/apache/hbase/commit/ac6d5436821a725428e0e091ac59dbd3f375d321; https://github.com/apache/hbase/commit/8f60ed5a659d55b926fedc017cf72de3884163cf; https://github.com/apache/hbase/commit/5beba8fd4e30f7b85e5e896d6a5d4662178a92df
HBASE-20940,https://issues.apache.org/jira/browse/HBASE-20940,HStore.cansplit should not allow split to happen if it has references,Resolved,Major,['1.3.2'],25/Jul/18 10:12,5,e8eb3665; 0ebcd11d; 25a62962; b6cc5d80; 9573f762,https://github.com/apache/hbase/commit/e8eb3665142fb157ff000b25c687123908e7f63e; https://github.com/apache/hbase/commit/0ebcd11da0bfc83cc73026c477e78266911f24bf; https://github.com/apache/hbase/commit/25a62962166ec0d0b42d54bf7857b2dfea76cc7a; https://github.com/apache/hbase/commit/b6cc5d8078225acac8cb0237d7b216d7d077ea62; https://github.com/apache/hbase/commit/9573f7629bd35d799d8491e21ab6399b46d3f3a4
HBASE-20723,https://issues.apache.org/jira/browse/HBASE-20723,Custom hbase.wal.dir results in data loss because we write recovered edits into a different place than where the recovering region server looks for them,Closed,Critical,"['1.4.0', '1.4.1', '1.4.2', '1.4.3', '1.4.4', '2.0.0']",13/Jun/18 01:47,5,ac5bb815; 2702f23a; c7923def; 6fa9f0be; b2afba58,https://github.com/apache/hbase/commit/ac5bb8155b618194fe9cf1131f0e72c99b7b534c; https://github.com/apache/hbase/commit/2702f23a4addaa459d6f221c0008be0c556f672d; https://github.com/apache/hbase/commit/c7923def7fa4ececdcf6593b3c8a3d97ecc2caad; https://github.com/apache/hbase/commit/6fa9f0bea936b984bbe5a0207a1b367786c2c113; https://github.com/apache/hbase/commit/b2afba580b4b9285973b57812741857cf480be4c
HBASE-20565,https://issues.apache.org/jira/browse/HBASE-20565,ColumnRangeFilter combined with ColumnPaginationFilter can produce incorrect result since 1.4,Resolved,Major,"['1.4.4', '2.0.1', '2.1.0']",10/May/18 19:47,5,a888af3d; 31bc54ab; 0b7081e6; 5add9686; 1dbfe92d,https://github.com/apache/hbase/commit/a888af3dc9320a5dc3c2e41e46e31522c7a0e356; https://github.com/apache/hbase/commit/31bc54abddb93383ce7b9c66c986994562682f82; https://github.com/apache/hbase/commit/0b7081e67a618900fe368ec17aff8ab64842c426; https://github.com/apache/hbase/commit/5add96868ab4e6338521b1f85df5594b910f7531; https://github.com/apache/hbase/commit/1dbfe92dbf0e1bee8576ea5977619099f4aefdb2
HBASE-20476,https://issues.apache.org/jira/browse/HBASE-20476,Open sequence number could go backwards in AssignProcedure,Resolved,Major,"['2.0.0', '2.1.0', '3.0.0-alpha-1']",23/Apr/18 07:56,5,4be96dd8; 39cf42be; 96ed407c; 8886c844; e8603e1d,https://github.com/apache/hbase/commit/4be96dd8a61bedc15021740157682605b6445265; https://github.com/apache/hbase/commit/39cf42be9a9a3bcbf5db90903d2d4b438551d4ce; https://github.com/apache/hbase/commit/96ed407c691ac0686fb14cdcd8680d1849e24ae8; https://github.com/apache/hbase/commit/8886c844f9edb359e5fc5be462645cbc27b4e65b; https://github.com/apache/hbase/commit/e8603e1d7cf80d556a13ad318e004c34911d5f52
HBASE-18880,https://issues.apache.org/jira/browse/HBASE-18880,Failed to start rest server if the value of hbase.rest.threads.max is too small.,Resolved,Critical,"['2.0.0-alpha-4', '3.0.0-alpha-1']",26/Sep/17 12:33,2,845b83b8; 7e953474,https://github.com/apache/hbase/commit/845b83b8b679697a072ee91ea1d3ced52dabbe5b; https://github.com/apache/hbase/commit/7e9534746c641dab81f910eedd33cca42cb8a9aa
HBASE-18233,https://issues.apache.org/jira/browse/HBASE-18233,We shouldn't wait for readlock in doMiniBatchMutation in case of deadlock,Resolved,Blocker,['1.2.7'],18/Jun/17 12:50,4,e1d69503; 9f102b29; 6c490625; 2f7a6f21,https://github.com/apache/hbase/commit/e1d6950381daeb46f0218fc1de3256e88cfc0a1f; https://github.com/apache/hbase/commit/9f102b293f1f211aff84af3c09873414767c5805; https://github.com/apache/hbase/commit/6c490625aa102ed33a99352b7b308e2a9c2f3c35; https://github.com/apache/hbase/commit/2f7a6f21eb5938d7c2126d64282d03bef0eeff9b
HBASE-17538,https://issues.apache.org/jira/browse/HBASE-17538,HDFS.setStoragePolicy() logs errors on local fs,Closed,Major,['2.0.0'],25/Jan/17 20:41,2,c725d4d3; f35bcd2f,https://github.com/apache/hbase/commit/c725d4d334e3b6ce4ed9cdaa1a84bba101f78ec3; https://github.com/apache/hbase/commit/f35bcd2fe3e27d2ff211c731a7300d80c658bcb3
HBASE-17069,https://issues.apache.org/jira/browse/HBASE-17069,RegionServer writes invalid META entries for split daughters in some circumstances,Resolved,Blocker,"['1.2.4', '1.3.0', '1.4.0', '2.0.0']",10/Nov/16 23:42,5,0d656b13; 0446ed0f; fe00b59a; 3f9cb1ae; 9d9decb4,https://github.com/apache/hbase/commit/0d656b1394c1bfb702199998d69efbd10f879d2f; https://github.com/apache/hbase/commit/0446ed0f0c662608a7816a9c3fc3becacc682fb4; https://github.com/apache/hbase/commit/fe00b59a3f11a0fffad271934d56ad8f733ca86b; https://github.com/apache/hbase/commit/3f9cb1ae2c8b316354d2ded7c41275cb27499ce0; https://github.com/apache/hbase/commit/9d9decb4d9179cc64e3a5d9753376ed69c517a0a
HBASE-16367,https://issues.apache.org/jira/browse/HBASE-16367,Race between master and region server initialization may lead to premature server abort,Resolved,Major,['1.1.2'],06/Aug/16 09:20,5,d0aff98a; 1ecb0fce; 50f3c957; 0e95c815; 0a1a0a68,https://github.com/apache/hbase/commit/d0aff98a67a5a102d84244334c685e57b16aa164; https://github.com/apache/hbase/commit/1ecb0fce342ee878cf96f7a3165007192bedb2ef; https://github.com/apache/hbase/commit/50f3c9572c7c9dcf276b19c137ad600f368743ec; https://github.com/apache/hbase/commit/0e95c8156ac5ac507827ff5eb4504a42fa22b454; https://github.com/apache/hbase/commit/0a1a0a688363b06e3c085155992a9fb21ec2c506
HBASE-16074,https://issues.apache.org/jira/browse/HBASE-16074,"ITBLL fails, reports lost big or tiny families",Closed,Blocker,"['0.98.20', '1.3.0']",20/Jun/16 21:48,5,496fd983; 88af9466; 47c19607; 2e2a3fda; 9563ab4c,https://github.com/apache/hbase/commit/496fd9837a0fb199a516758a632fecfe59b0b480; https://github.com/apache/hbase/commit/88af9466e0b04def73521e917720f3282df7be61; https://github.com/apache/hbase/commit/47c19607c2c88c44f226940a2357087294fe70a5; https://github.com/apache/hbase/commit/2e2a3fda40df8b24928f57a6c8ea089b988ed0ce; https://github.com/apache/hbase/commit/9563ab4ca10b600d4072e87896f09f8cf84d1a2a
HBASE-10949,https://issues.apache.org/jira/browse/HBASE-10949,Reversed scan could hang,Closed,Critical,['0.98.0'],09/Apr/14 18:55,2,b5867cb3; 4fc90ce1,https://github.com/apache/hbase/commit/b5867cb327b4cbcce5929841ff00fc19801dd261; https://github.com/apache/hbase/commit/4fc90ce1a59f5ce71acbf5d54cd926859cbe5f4d
HBASE-10712,https://issues.apache.org/jira/browse/HBASE-10712,Backport HBASE-8304 to 0.94 and 0.96,Closed,Major,"['0.94.17', '0.96.1']",10/Mar/14 11:43,2,719232e1; 06d13af7,https://github.com/apache/hbase/commit/719232e16765bd6a7c332addc77397913a8658a9; https://github.com/apache/hbase/commit/06d13af77a6e0031414390ed89eeb90f904a4218
HBASE-10499,https://issues.apache.org/jira/browse/HBASE-10499,In write heavy scenario one of the regions does not get flushed causing RegionTooBusyException,Closed,Critical,['0.98.0'],11/Feb/14 12:00,5,74adb11f; 48c99723; 5484f795; 973961b2; 3a529c04,https://github.com/apache/hbase/commit/74adb11f4c504abbb6a52de72b53883ad7b952b4; https://github.com/apache/hbase/commit/48c99723424bad53aceeb3f5da4def53ff9fc4ee; https://github.com/apache/hbase/commit/5484f7958f8ce929c619c377f07917f05cab0db6; https://github.com/apache/hbase/commit/973961b23fc6f3e4748ae7a213c9a89ff89dbb33; https://github.com/apache/hbase/commit/3a529c04cebb4f3debdfd42fb00d3736dc2ea2fd
HBASE-10349,https://issues.apache.org/jira/browse/HBASE-10349,Table became unusable when master balanced its region after table was dropped,Closed,Major,['0.98.0'],15/Jan/14 22:48,3,fa298a95; 35dcd8ac; fc1d836b,https://github.com/apache/hbase/commit/fa298a9573f7dcc5eb1987818443791694f71ac4; https://github.com/apache/hbase/commit/35dcd8acecc9d707838f5ee1bc5ade6c9c466f2e; https://github.com/apache/hbase/commit/fc1d836bffdf443e033ce2481f40c156c11944ee
HBASE-9387,https://issues.apache.org/jira/browse/HBASE-9387,Region could get lost during assignment,Closed,Critical,['0.95.2'],29/Aug/13 23:30,2,c925dd3d; 379d198a,https://github.com/apache/hbase/commit/c925dd3d765485f0f8a2514dfc558a28e47eb3ed; https://github.com/apache/hbase/commit/379d198ae948567b11c9acf3d7402b2efaa2d3de
HBASE-9303,https://issues.apache.org/jira/browse/HBASE-9303,Snapshot restore of table which splits after snapshot was taken encounters 'Region is not online',Closed,Major,['0.95.2'],22/Aug/13 19:46,4,357fd849; 51d732ba; 05e05c88; 36a9e18c,https://github.com/apache/hbase/commit/357fd849bc61d7957593a18f4540157b8e2b1253; https://github.com/apache/hbase/commit/51d732baaac6106f680e52db1311139469e14d3c; https://github.com/apache/hbase/commit/05e05c88fe319c88cb0f1751b37961f9aceaaffc; https://github.com/apache/hbase/commit/36a9e18c8f6409d4929e80436cc29694e78f2d96
HBASE-8712,https://issues.apache.org/jira/browse/HBASE-8712,HFileLinkCleaner (FSUtils.listStatus) logs too much if links do not exists,Closed,Major,['0.95.1'],07/Jun/13 22:30,3,f8a2ae41; a0ea51a9; 0ef072f6,https://github.com/apache/hbase/commit/f8a2ae4199aeceb8d8ae6c9c63119163446bca3a; https://github.com/apache/hbase/commit/a0ea51a96ee33842ef392dc45379455540906233; https://github.com/apache/hbase/commit/0ef072f61c0b4d4511be92c5f5a6fc667b6261d5
HBASE-8711,https://issues.apache.org/jira/browse/HBASE-8711,Requests count is completely off,Closed,Major,['0.95.1'],07/Jun/13 22:18,2,7cb75d86; b5e3c808,https://github.com/apache/hbase/commit/7cb75d865ebd11f95ac51081e1ffe4f5b6de74c2; https://github.com/apache/hbase/commit/b5e3c808b64cfc6b33eadbf5207fe145ef099f0e
HBASE-7442,https://issues.apache.org/jira/browse/HBASE-7442,HBase remote CopyTable not working when security enabled,Closed,Major,['0.92.1'],27/Dec/12 15:57,4,d45cbcac; a044a826; 36079098; 09455941,https://github.com/apache/hbase/commit/d45cbcac1afe8b8440b1d9bf946892edb5765ef2; https://github.com/apache/hbase/commit/a044a8265074ac8c29f84dfac510373fc8bc009a; https://github.com/apache/hbase/commit/36079098313ae83721b9f3d07e525175cdd378a4; https://github.com/apache/hbase/commit/094559414731c9206eb95f69c9667122abff29e4
HBASE-6318,https://issues.apache.org/jira/browse/HBASE-6318,SplitLogWorker exited due to ConcurrentModificationException,Closed,Major,['0.95.2'],03/Jul/12 20:42,3,2c48f282; ff5e58b3; 4fc9a9fe,https://github.com/apache/hbase/commit/2c48f2823933d96a67a82832a4cc4022da3b34a0; https://github.com/apache/hbase/commit/ff5e58b3ec096e3af25c55b6399a76e44b5d12fd; https://github.com/apache/hbase/commit/4fc9a9fe5ab311a771c55dd8ca85d57859ae8951
HBASE-5780,https://issues.apache.org/jira/browse/HBASE-5780,Fix race in HBase regionserver startup vs ZK SASL authentication,Closed,Major,"['0.92.1', '0.94.0']",13/Apr/12 02:18,5,6858d30b; 671484f0; ee5f4686; 7ffa120a; ad6e5764,https://github.com/apache/hbase/commit/6858d30b13fcd135dd57cec94d0d4349ad56388d; https://github.com/apache/hbase/commit/671484f04496f54ac361cf4e06f1d5c05ca43c12; https://github.com/apache/hbase/commit/ee5f4686456e9ab2b82bb8f1cadf5874afce5eae; https://github.com/apache/hbase/commit/7ffa120a8bdcb18173dc315358e001d884bb0bf9; https://github.com/apache/hbase/commit/ad6e57645fb804a8746d155b5596a7fa3af8ed49
HBASE-5606,https://issues.apache.org/jira/browse/HBASE-5606,SplitLogManger async delete node hangs log splitting when ZK connection is lost ,Closed,Critical,['0.92.0'],21/Mar/12 04:27,4,5e07b71e; 92fef695; 61250553; 38eeb595,https://github.com/apache/hbase/commit/5e07b71ed6d1c22859b26ff4ceb7095448050b4e; https://github.com/apache/hbase/commit/92fef695092b28d66b90e7e7c7947f28d78b5f59; https://github.com/apache/hbase/commit/61250553ceccde31925c2126fce9c518fc9f05fc; https://github.com/apache/hbase/commit/38eeb595761f8ec4f3e06f880c5773957e231b8c
HBASE-5099,https://issues.apache.org/jira/browse/HBASE-5099,ZK event thread waiting for root region assignment may block server shutdown handler for the region sever the root region was on,Closed,Major,"['0.92.0', '0.94.0']",27/Dec/11 23:23,5,a2471aa2; 0afb241d; f4b654a0; a1833a68; 87b977df,https://github.com/apache/hbase/commit/a2471aa2559ad524aaf89fd7c4c9b0152fcdd33f; https://github.com/apache/hbase/commit/0afb241d4e44a7b479431be5fe2170905fc079f8; https://github.com/apache/hbase/commit/f4b654a092d2966baa11b96d76bf7d9d3fd4ab08; https://github.com/apache/hbase/commit/a1833a68726e829bae00a50ddcd63e81ab7dff17; https://github.com/apache/hbase/commit/87b977dff3b3aa125039696e5803e97e59e0361c
HBASE-5081,https://issues.apache.org/jira/browse/HBASE-5081,Distributed log splitting deleteNode races against splitLog retry ,Closed,Major,"['0.92.0', '0.94.0']",21/Dec/11 03:50,5,ff3cf1ae; 7569cea5; 6c97552e; fa979eba; 72c1f6c8,https://github.com/apache/hbase/commit/ff3cf1aedab8249b10140274984c9ae02369502d; https://github.com/apache/hbase/commit/7569cea558f3804045d28bd73fb8b316cf8affc7; https://github.com/apache/hbase/commit/6c97552ee1f6bc3efed7bb89facdce94da6ec461; https://github.com/apache/hbase/commit/fa979ebab265e56f82081e811c0b203f589b893c; https://github.com/apache/hbase/commit/72c1f6c8c75091f2fa09cd0665b34462c6e986a3
HBASE-4388,https://issues.apache.org/jira/browse/HBASE-4388,Second start after migration from 90 to trunk crashes,Closed,Blocker,['0.92.0'],13/Sep/11 19:30,4,c09b2f5f; 421ae850; 73258b05; 8b508d34,https://github.com/apache/hbase/commit/c09b2f5f5d4d7101b07134e557826f526e178f2a; https://github.com/apache/hbase/commit/421ae8504cb11cdb98803b3e4f3d19dbae914759; https://github.com/apache/hbase/commit/73258b05e58653e5236dcbd4937f9afc91813f5e; https://github.com/apache/hbase/commit/8b508d34aac0aad491030da28ad8a38c953dac43
HBASE-4301,https://issues.apache.org/jira/browse/HBASE-4301,META migration from 0.90 to trunk fails,Closed,Blocker,['0.92.0'],30/Aug/11 19:49,2,b723bc4d; f773be0e,https://github.com/apache/hbase/commit/b723bc4d4de2da504977bab8bb2c05976a3f2e47; https://github.com/apache/hbase/commit/f773be0e9fe650354ffa368df64fc12e7d3d7011
HBASE-4095,https://issues.apache.org/jira/browse/HBASE-4095,Hlog may not be rolled in a long time if checkLowReplication's request of LogRoll is blocked,Closed,Major,['0.90.3'],14/Jul/11 11:55,5,4c797e7b; 399462d5; 77b2ebb5; b6fc5b0b; 70d8db36,https://github.com/apache/hbase/commit/4c797e7ba95360e0b09ae0d256fa6ae91de8f853; https://github.com/apache/hbase/commit/399462d5d7467ffe6938afa3cf4cbd8b0e7f7d25; https://github.com/apache/hbase/commit/77b2ebb5305002db356d8e011bea5cdd69f3da4e; https://github.com/apache/hbase/commit/b6fc5b0b8071d9e3978afa43b6813b9cd8a36635; https://github.com/apache/hbase/commit/70d8db3673d282dcf87927ee00d5850a789a07eb
HBASE-3985,https://issues.apache.org/jira/browse/HBASE-3985,Same Region could be picked out twice in LoadBalancer,Closed,Major,['0.90.3'],14/Jun/11 00:50,3,0f15fcac; fd972327; 06f55dc0,https://github.com/apache/hbase/commit/0f15fcac46b9ffb520ca81e736f855bde2731e6f; https://github.com/apache/hbase/commit/fd972327b2b626a7033c268c95dd1efd70857147; https://github.com/apache/hbase/commit/06f55dc08f4048a8923724e073a7412ff987644a
HBASE-3867,https://issues.apache.org/jira/browse/HBASE-3867,"when cluster is stopped and server which hosted meta region is removed from cluster, master breaks down after restarting cluster.",Closed,Critical,"['0.90.1', '0.90.2']",09/May/11 02:24,4,fef61820; d9e22449; 4a8fb6b3; b7b2b36a,https://github.com/apache/hbase/commit/fef618201ffa210cbfc7bf40246e08850fd2249c; https://github.com/apache/hbase/commit/d9e2244958ecfa51740e5bd5b79cb772808dc5d5; https://github.com/apache/hbase/commit/4a8fb6b3fee1f43ea4330445f1bf5be5d0a368d1; https://github.com/apache/hbase/commit/b7b2b36ae75fee53a3980b132d793a43f75e5dcd
HBASE-3403,https://issues.apache.org/jira/browse/HBASE-3403,Region orphaned after failure during split,Closed,Blocker,['0.90.0'],30/Dec/10 22:54,4,0d31ac5f; a2475d4e; f9a97da9; 241071f9,https://github.com/apache/hbase/commit/0d31ac5f37a2e8866884bb216a3485eea652a822; https://github.com/apache/hbase/commit/a2475d4e2a96f8f3a3bb02d87f43e1cc0bb7cf78; https://github.com/apache/hbase/commit/f9a97da9dac683cf30f3bd9824ebe43d3b5c22a8; https://github.com/apache/hbase/commit/241071f9d6baed35d261ad7cd9ae886edc49eede
HBASE-3343,https://issues.apache.org/jira/browse/HBASE-3343,Server not shutting down after losing log lease,Closed,Critical,['0.90.0'],13/Dec/10 19:48,3,8f67476c; 5c6f0bcc; 2f33d6d4,https://github.com/apache/hbase/commit/8f67476c533a9d06f3f9e3d53d0618a8e525b42d; https://github.com/apache/hbase/commit/5c6f0bccd7ef76c057e2b8ba534f6632906bf2f6; https://github.com/apache/hbase/commit/2f33d6d43682c34198ce090feca54a9f7bed1c26
HBASE-3332,https://issues.apache.org/jira/browse/HBASE-3332,Regions stuck in transition after RS failure,Closed,Blocker,['0.90.0'],10/Dec/10 19:01,3,36be3882; 8a4261bc; 82bf4dab,https://github.com/apache/hbase/commit/36be388220f11810ac5bb6ce2e40ee98f3e8cf32; https://github.com/apache/hbase/commit/8a4261bcb2e9e69869cc8431c5a7973c5003f3af; https://github.com/apache/hbase/commit/82bf4dab66bfbd8e035937ceb6a8dc76955729a3
HBASE-3263,https://issues.apache.org/jira/browse/HBASE-3263,Stack overflow in AssignmentManager,Closed,Blocker,['0.90.0'],23/Nov/10 07:59,5,dd3195ca; 1674a7ee; c849b4c2; fdc0d7aa; 33822672,https://github.com/apache/hbase/commit/dd3195ca408f1767464dc7fadba882683e65ba0d; https://github.com/apache/hbase/commit/1674a7ee4108bc539b8d6d18fe0485f9b73eb393; https://github.com/apache/hbase/commit/c849b4c26d71508c39c00d1ce4817a3bb9f09d46; https://github.com/apache/hbase/commit/fdc0d7aa4950151109bdd927a300295dcebd03a2; https://github.com/apache/hbase/commit/33822672e93a693a6a4e619d2bccc838036b2d45
HBASE-2645,https://issues.apache.org/jira/browse/HBASE-2645,HLog writer can do 1-2 sync operations after lease has been recovered for split process.,Closed,Blocker,['0.90.4'],01/Jun/10 17:57,3,4cdaf84e; 79b34145; 2803eed3,https://github.com/apache/hbase/commit/4cdaf84ef8dc6fdc14246c43e93a70d34bba82ee; https://github.com/apache/hbase/commit/79b341459a8438aa440add16436c53c039ae5334; https://github.com/apache/hbase/commit/2803eed35e61fc6f53a0b8fd680b2eeab1c20440
HBASE-2457,https://issues.apache.org/jira/browse/HBASE-2457,RS gets stuck compacting region ad infinitum,Closed,Critical,['0.20.4'],16/Apr/10 05:04,4,0491cb14; 0fdb7e9d; db08c9c6; abe90593,https://github.com/apache/hbase/commit/0491cb140a7563f7c4d51eb2aa43d1376f6ea2f3; https://github.com/apache/hbase/commit/0fdb7e9d206f08adbb6c41a66b6b3d191670a36d; https://github.com/apache/hbase/commit/db08c9c6e5cafd256ceb43e7d7f947f11c46915f; https://github.com/apache/hbase/commit/abe9059351352475459423f1b046d4c30d0f750e
HBASE-2378,https://issues.apache.org/jira/browse/HBASE-2378,Bulk insert with multiple reducers broken due to improper ImmutableBytesWritable comparator,Closed,Critical,['0.20.3'],25/Mar/10 19:24,5,3e02fe03; dc0e68b5; 5ee1efce; 5dcc800a; d3e7116b,https://github.com/apache/hbase/commit/3e02fe03d6958687058dc55d8098d5f2a53b4030; https://github.com/apache/hbase/commit/dc0e68b5cb9d6164b5a094a8f8eadd7f2cab1bec; https://github.com/apache/hbase/commit/5ee1efceb3f4946ccdbe84825bf7805a51c10025; https://github.com/apache/hbase/commit/5dcc800ad18784fe057948f539ac5569468678b2; https://github.com/apache/hbase/commit/d3e7116b6ec45bbbc1338f6fdb6700f02f114eab
HBASE-1815,https://issues.apache.org/jira/browse/HBASE-1815,HBaseClient can get stuck in an infinite loop while attempting to contact a failed regionserver,Closed,Major,['0.20.0'],03/Sep/09 22:25,3,f90645dd; 77673377; 90b85dc0,https://github.com/apache/hbase/commit/f90645dd77e160fb0779f711ad7be60d4eddc123; https://github.com/apache/hbase/commit/77673377186c3f46e701de68a0b231e80e049469; https://github.com/apache/hbase/commit/90b85dc0b8edfa0329d1586ea82acec2e2698f74
HBASE-1784,https://issues.apache.org/jira/browse/HBASE-1784,Missing rows after medium intensity insert,Closed,Blocker,['0.20.0'],21/Aug/09 19:52,5,4fdfcaaf; 9c186964; dea3c120; 0393639d; f4d005a0,https://github.com/apache/hbase/commit/4fdfcaaf9f58cb008d9ee6b49484d6eef822464c; https://github.com/apache/hbase/commit/9c1869648c19d0abfdb79aa7c6937eb5568d2f66; https://github.com/apache/hbase/commit/dea3c1207cd0b60ddb3bbda3ae120d5efba97121; https://github.com/apache/hbase/commit/0393639d277d5fe5ad3eb26af7112f90ed373472; https://github.com/apache/hbase/commit/f4d005a0327b7329f84be8cbe6a22c5cf380ad82
HBASE-1629,https://issues.apache.org/jira/browse/HBASE-1629,HRS unable to contact master,Closed,Major,['0.20.0'],08/Jul/09 20:23,2,800f6231; ba78fa6e,https://github.com/apache/hbase/commit/800f623138c7b8576de01a8e953b32d4396d4386; https://github.com/apache/hbase/commit/ba78fa6edc7fb9c4c34f67ba94d3b346e6641ba3
HBASE-1500,https://issues.apache.org/jira/browse/HBASE-1500,KeyValue$KeyComparator array overrun,Closed,Blocker,['0.20.0'],08/Jun/09 23:00,2,0f67b602; 77d5657c,https://github.com/apache/hbase/commit/0f67b602c798ef072c63f108e588758e4dec037f; https://github.com/apache/hbase/commit/77d5657c0455559e991211bc34f3539c4dffb11a
HBASE-1401,https://issues.apache.org/jira/browse/HBASE-1401,close HLog (and open new one) if there hasnt been edits in N minutes/hours,Closed,Blocker,['0.20.0'],10/May/09 22:32,5,b4dedf9c; d25c8da6; b33dfbea; 28c9daff; 56fbdbc0,https://github.com/apache/hbase/commit/b4dedf9cbf44aaa7dafd30299a26242e99972151; https://github.com/apache/hbase/commit/d25c8da619622752299369ec627d57f11d53522f; https://github.com/apache/hbase/commit/b33dfbeaeaad15279d3c82e9a9bdffcfd7bdcead; https://github.com/apache/hbase/commit/28c9daffe5b8a17172bc7b640dc97809d00e9874; https://github.com/apache/hbase/commit/56fbdbc075f77703392f0ed6c81cc8b2a6f0246f
HBASE-868,https://issues.apache.org/jira/browse/HBASE-868,Incrementing binary rows cause strange behavior once table splits,Closed,Blocker,"['0.18.0', '0.2.1']",04/Sep/08 17:08,3,3b540886; 3793ee48; 998a55eb,https://github.com/apache/hbase/commit/3b540886dfdbe7ad508e60e946bbc8eb17cbb467; https://github.com/apache/hbase/commit/3793ee48e02c1e684b7a513141582e9485366580; https://github.com/apache/hbase/commit/998a55eba987fe807db76e34de99cfbbe9c3de78
HBASE-790,https://issues.apache.org/jira/browse/HBASE-790,"During import, single region blocks requests for >10 minutes, thread dumps, throws out pending requests, and continues",Closed,Blocker,['0.2.0'],01/Aug/08 00:38,5,942c54cf; 165e2ed9; b3bdd512; 0d8ab3ca; a9aef218,https://github.com/apache/hbase/commit/942c54cf565894e55c33f615f20db571754948fa; https://github.com/apache/hbase/commit/165e2ed915e53ada83705fa456732b0287bfe91a; https://github.com/apache/hbase/commit/b3bdd512f35bd9a52d0aec18c4362b34cf250c73; https://github.com/apache/hbase/commit/0d8ab3cad807282e2f1d753a16e241968b900fca; https://github.com/apache/hbase/commit/a9aef2181df030f4074465dda44d5891250fc781
HBASE-750,https://issues.apache.org/jira/browse/HBASE-750,NPE caused by StoreFileScanner.updateReaders,Closed,Major,['0.2.0'],17/Jul/08 18:21,4,47904a89; 80843cd0; 5ba18f58; 1f6c35ce,https://github.com/apache/hbase/commit/47904a89056bdb5c08e732f2de2a33780a4f6192; https://github.com/apache/hbase/commit/80843cd04dcf2bc2a7950945195289293df939f3; https://github.com/apache/hbase/commit/5ba18f58c068c284aaeb3756065e6ae66e6e9a3f; https://github.com/apache/hbase/commit/1f6c35ce1f610cc12296643131a612bf459b7a67
HBASE-627,https://issues.apache.org/jira/browse/HBASE-627,Disable table doesn't work reliably,Closed,Critical,['0.2.0'],15/May/08 09:58,2,acac3a8a; 932f83fb,https://github.com/apache/hbase/commit/acac3a8a952c3c4f397e323042b9af8f406ea098; https://github.com/apache/hbase/commit/932f83fb2510fc3e2e36b27350a90b9dd89476f8
HBASE-501,https://issues.apache.org/jira/browse/HBASE-501,Empty region server address in info:server entry and a startcode of -1 in .META.,Closed,Blocker,"['0.1.0', '0.16.0', '0.2.0']",08/Mar/08 02:32,5,4ea64897; c1f974bb; 277f675a; bba36ce7; 1e27f603,https://github.com/apache/hbase/commit/4ea64897feedf564027812413b46e1eb814f5a15; https://github.com/apache/hbase/commit/c1f974bbeea99cc6584ae6d5648822c94db9bf72; https://github.com/apache/hbase/commit/277f675af6164d8f5acc0cbf4008dae5e9a78a25; https://github.com/apache/hbase/commit/bba36ce79a0f66ba671be820107214115b942841; https://github.com/apache/hbase/commit/1e27f603a15e3354352085fffc1975967786ab32
HBASE-476,https://issues.apache.org/jira/browse/HBASE-476,RegexpRowFilter behaves incorectly when there are multiple store files,Closed,Blocker,"['0.1.0', '0.2.0']",29/Feb/08 18:26,5,aabe9f09; 57d1bde0; 2c046490; 4a668b07; 5ba8255b,https://github.com/apache/hbase/commit/aabe9f09a91b5612170975d7085c73636f51d2d1; https://github.com/apache/hbase/commit/57d1bde0e0efdd1f4299da5014504052411d8ed0; https://github.com/apache/hbase/commit/2c046490e7d52c799ff70b859fdcb7742ac5c67d; https://github.com/apache/hbase/commit/4a668b07f4a51cdd85c1c8d47b08405327835973; https://github.com/apache/hbase/commit/5ba8255b01d61e7cf52663dc450273e41eb6fc5e
HBASE-15167,https://issues.apache.org/jira/browse/HBASE-15167,Deadlock in TestNamespaceAuditor.testRegionOperations on 1.1,Resolved,Critical,['1.1.3'],26/Jan/16 05:12,1,7fc75768,https://github.com/apache/hbase/commit/7fc75768110fcea0664fee4cce3b41e966c455e0
HBASE-15100,https://issues.apache.org/jira/browse/HBASE-15100,Master WALProcs still never clean up,Closed,Blocker,['1.2.0'],13/Jan/16 21:11,5,e0fa176f; 772f30fe; 346e906c; 20d5577d; 8a34c141,https://github.com/apache/hbase/commit/e0fa176f0b3aef8f70e99eca752309810f6eb811; https://github.com/apache/hbase/commit/772f30fe2a66e6b7692e292c6f8f1ccf861dd5de; https://github.com/apache/hbase/commit/346e906cc8374fcc8d6897aa935678ebb10a3ca4; https://github.com/apache/hbase/commit/20d5577d2e1b8e395e66be88a66a70bec8665f4f; https://github.com/apache/hbase/commit/8a34c14129758adcea62299dfaaeb193d0279758
HBASE-14536,https://issues.apache.org/jira/browse/HBASE-14536,Balancer & SSH interfering with each other leading to unavailability,Closed,Major,['1.1.2'],01/Oct/15 22:53,3,4c39c74f; c6c5c95f; 9bdb88a5,https://github.com/apache/hbase/commit/4c39c74ff319c94517c53eb1a639ef7ed53d799c; https://github.com/apache/hbase/commit/c6c5c95f01ffd582392fcc3f025602190219a213; https://github.com/apache/hbase/commit/9bdb88a572ac30fb51fcc44284f51543d2b4568f
HBASE-14407,https://issues.apache.org/jira/browse/HBASE-14407,NotServingRegion: hbase region closed forever,Closed,Critical,"['0.98.10', '1.1.2', '1.2.0', '1.3.0']",11/Sep/15 05:47,5,eb4b143b; 01398739; b33b7f44; 8b9e7052; 0dd57174,https://github.com/apache/hbase/commit/eb4b143b95400b359006a2d4e7c092f0617bb45a; https://github.com/apache/hbase/commit/013987396d83724450ce492f1ca9252ec271ad70; https://github.com/apache/hbase/commit/b33b7f44f8f03579958f8c78accd8474a65eb860; https://github.com/apache/hbase/commit/8b9e705290af2456e3815d9409d3ebf3dba9c48e; https://github.com/apache/hbase/commit/0dd57174fa218598e7877ea172aa46f82e5d7ded
HBASE-14317,https://issues.apache.org/jira/browse/HBASE-14317,Stuck FSHLog: bad disk (HDFS-8960) and can't roll WAL,Closed,Blocker,"['1.1.1', '1.2.0']",26/Aug/15 18:46,5,d7adc58e; ec4d719f; 54717a63; 661faf6f; 0bf97bac,https://github.com/apache/hbase/commit/d7adc58e5203567b8083160d45f85f9986e272cd; https://github.com/apache/hbase/commit/ec4d719f1927576d3de321c2e380e4c4acd099db; https://github.com/apache/hbase/commit/54717a6314ef6673f7607091e5f77321c202d49f; https://github.com/apache/hbase/commit/661faf6fe0833726d7ce7ad44a829eba3f8e3e45; https://github.com/apache/hbase/commit/0bf97bac2ed564994a0bcda5f1993260bf0b448f
HBASE-13262,https://issues.apache.org/jira/browse/HBASE-13262,ResultScanner doesn't return all rows in Scan,Closed,Blocker,"['1.1.0', '2.0.0']",17/Mar/15 15:27,5,0daae433; ced0e324; 1abf3aa0; 20189c25; b0116398,https://github.com/apache/hbase/commit/0daae433423da12343d4a64fdc987ffa64d4785f; https://github.com/apache/hbase/commit/ced0e324a190e75d8a93b8b09676781853819361; https://github.com/apache/hbase/commit/1abf3aa0fd355d69cb3eed325b876a62065807b3; https://github.com/apache/hbase/commit/20189c258cbcf109de10f76f06c059681e438615; https://github.com/apache/hbase/commit/b0116398ffa6aec57d42739df40e22dc4edaaa0f
HBASE-13076,https://issues.apache.org/jira/browse/HBASE-13076,Table can be forcibly enabled in AssignmentManager during table disabling.,Closed,Major,['2.0.0'],19/Feb/15 23:03,1,4570451f,https://github.com/apache/hbase/commit/4570451f7cf2dba2b22664b470b73547e2496a88
HBASE-12274,https://issues.apache.org/jira/browse/HBASE-12274,Race between RegionScannerImpl#nextInternal() and RegionScannerImpl#close() may produce null pointer exception,Closed,Major,['0.98.6.1'],15/Oct/14 19:35,4,686e7710; f1cabd37; 776a0b09; be820f3b,https://github.com/apache/hbase/commit/686e77108a339516e4a78751fc4982072e171e97; https://github.com/apache/hbase/commit/f1cabd378512f1b18003afed9782d88d022d6850; https://github.com/apache/hbase/commit/776a0b09a2bde71210033a77ff56af5d73534f7e; https://github.com/apache/hbase/commit/be820f3b9b8fc45a8bda745a3b1a4f4bf756c225
HBASE-11994,https://issues.apache.org/jira/browse/HBASE-11994,PutCombiner floods the M/R log with repeated log messages.,Closed,Major,['0.98.6'],16/Sep/14 19:03,3,2c28ea06; ac290195; ddd44ecb,https://github.com/apache/hbase/commit/2c28ea06dcfbc58e22170172356dd5542d220f8e; https://github.com/apache/hbase/commit/ac29019563c937c0a33ea1620096b91fe50cd7a2; https://github.com/apache/hbase/commit/ddd44ecb66bee60570b71fd80b4b0187c5441966
HBASE-11906,https://issues.apache.org/jira/browse/HBASE-11906,Meta data loss with distributed log replay,Closed,Major,"['0.99.0', '2.0.0']",06/Sep/14 00:30,2,676a0126; 1c127220,https://github.com/apache/hbase/commit/676a0126bc6dddc17796d18d8b27165312a1f1ed; https://github.com/apache/hbase/commit/1c127220f0aba64e9a5732fc141e5a0ff794cd48
HBASE-11397,https://issues.apache.org/jira/browse/HBASE-11397,"When merging expired stripes, we need to create an empty file to preserve metadata.",Closed,Major,['0.98.2'],22/Jun/14 09:25,2,3a097784; a280f814,https://github.com/apache/hbase/commit/3a097784b506090eddddac0cfc734b0417dad307; https://github.com/apache/hbase/commit/a280f814144b76d6a909b8f161ca0baa85a151c5
